venue_name,area_code,country_code,latitude,longitude,capacity,needs_review,note,query,display_name
Allianz Arena,DEU,de,48.218790,11.623623,75021,false,,Allianz Arena,"Allianz Arena, 5, Hans-Jensen-Weg, Betriebshof Nord, Freimann, Schwabing-Freimann, München, Bayern, 80939, Deutschland"
Allianz Stadium,ITA,it,45.109576,7.642134,,false,,Allianz Stadium,"Allianz Stadium, Via Druento, Continassa, Vallette, Circoscrizione 5, Torino, Piemonte, 10151, Italia"
Anfield,ENG,gb,53.430901,-2.960972,54074,false,,Anfield,"Anfield, Anfield Road, Anfield, Liverpool, Liverpool City Region, England, L4 0TH, United Kingdom"
Aspmyra Stadion,NOR,no,67.276648,14.384434,,false,,Aspmyra Stadion,"Aspmyra stadion, Hålogalandsgata, Aspåsen, Vestbyen, Hernes - Hierggenjárgga - Härrgenjárrga, Bodø, Nordland, 8004, Norge"
BayArena,DEU,de,51.038144,7.003096,,false,,BayArena,"BayArena, 122-124, Bismarckstraße, Küppersteg, Stadtbezirk II, Leverkusen, Nordrhein-Westfalen, 51373, Deutschland"
Benteler-Arena,DEU,de,51.730897,8.710963,15000,false,,Benteler-Arena,"Home Deluxe Arena, 1, Wilfried-Finke-Allee, Schloß Neuhaus, Paderborn, Kreis Paderborn, Nordrhein-Westfalen, 33104, Deutschland"
Camp Nou,ESP,es,41.380881,2.122818,99354,false,,Spotify Camp Nou,"Spotify Camp Nou, Avinguda de Joan XXIII, la Maternitat, la Maternitat i Sant Ramon, les Corts, Barcelona, Barcelonès, Barcelona, Catalunya, 08028, España"
Campos de Sport de El Sardinero,ESP,es,43.476261,-3.793953,22514,false,,Estadio El Sardinero Santander,"Estadio El Sardinero, 4, Calle del Real Racing Club, El Sardinero, Tetuán, Cueto, Santander, Cantabria, 39005, España"
Coliseum Alfonso Pérez,ESP,es,40.325725,-3.714933,,false,,Coliseum Alfonso Pérez,"Coliseum, Avenida Teresa de Calcuta, Los Espartales, Getafe Norte, Getafe, Comunidad de Madrid, 28903, España"
Craven Cottage,ENG,gb,51.474922,-0.221745,25700,false,,Craven Cottage,"Craven Cottage, Stevenage Road, Fulham, London Borough of Hammersmith and Fulham, Greater London, England, SW6 6HH, United Kingdom"
Dacia Arena,ITA,it,46.081402,13.199741,,false,,Dacia Arena,"Bluenergy Stadium, Viale Pier Paolo Pasolini, Villaggio del Sole, Rizzi / I Riçs, Udine, Friuli-Venezia Giulia, 33100, Italia"
Deutsche Bank Park,DEU,de,50.068610,8.645415,,false,,Deutsche Bank Park,"Deutsche Bank Park, 362, Mörfelder Landstraße, Sachsenhausen Süd, Sachsenhausen, Süd, Frankfurt am Main, Hessen, 60528, Deutschland"
Elland Road,ENG,gb,53.777861,-1.572178,39460,false,,Elland Road,"Elland Road Stadium, Elland Road, Islington, Beeston, Leeds, West Yorkshire, England, LS11 0ES, United Kingdom"
Emirates Stadium,ENG,gb,51.555040,-0.108400,60361,false,,Emirates Stadium,"Emirates Stadium, 75, Drayton Park, Finsbury Park, London Borough of Islington, Greater London, England, N5 1BU, United Kingdom"
Estadio Abanca-Riazor,ESP,es,43.368716,-8.417510,33091,false,,Estadio Abanca-Riazor,"Estadio ABANCA-RIAZOR, 1, Rúa Manuel Murguía, San Roque de Fóra, Riazor, A Coruña, Galicia, 15011, España"
Estadio Benito Villamarín,ESP,es,37.356450,-5.980918,,false,,Estadio Benito Villamarín,"Estadio Benito Villamarín, Avenida Padre García Tejero, Heliópolis, Distrito Bellavista-La Palmera, Sevilla, Andalucía, 41012, España"
Estadio Ciudad de Valencia,ESP,es,39.494642,-0.363862,,false,,Estadio Ciudad de Valencia,"Estadi Ciutat de València, Carrer de Santiago Rusiñol, Sant Llorenç, Rascanya, València, Comarca de València, València / Valencia, Comunitat Valenciana, 46019, España"
Estadio El Sadar,ESP,es,42.796662,-1.637131,,false,,Estadio El Sadar,"Estadio El Sadar, Sadar kalea, Arrosadia, Milagrosa-Arrosadia, Pamplona / Iruña, Iruñerria, Navarra, Navarra / Nafarroa, 31006, España"
Estadio La Rosaleda,ESP,es,36.734943,-4.426535,,false,,Estadio La Rosaleda,"Estadio La Rosaleda, Paseo Martiricos, Martiricos, Palma-Palmilla, Málaga, Málaga-Costa del Sol, Málaga, Andalucía, 29011, España"
Estadio Manuel Martínez Valero,ESP,es,38.267044,-0.663305,,false,,Estadio Manuel Martínez Valero,"Estadi Manuel Martínez Valero, avinguda Manuel Martínez Valero, Camp de Futbol, Urbanització Les Atzavares, Elx / Elche, el Baix Vinalopó, Alacant / Alicante, Comunitat Valenciana, 03202, España"
Estadio Municipal de Anoeta,ESP,es,43.301390,-1.973569,,false,,Estadio Municipal de Anoeta,"Estadio Municipal de Anoeta, 1, Anoeta pasealekua, Amaraberri, Anoeta, Amara Berri, Centro, Donostia / San Sebastián, Gipuzkoa, Euskadi, 20014, España"
Estadio Ramón Sánchez Pizjuán,ESP,es,37.384088,-5.970631,,false,,Estadio Ramón Sánchez Pizjuán,"Estadio Ramón Sánchez-Pizjuán, Calle Sevilla Futbol Club, La Buhaira, Nervión, Sevilla, Andalucía, 41018, España"
Estadio Santiago Bernabéu,ESP,es,40.453044,-3.688197,,false,,Estadio Santiago Bernabéu,"Bernabéu, Acceso Parking, Hispanoamérica, Chamartín, Madrid, Comunidad de Madrid, 28020, España"
Estadio Wanda Metropolitano,ESP,es,40.436010,-3.599699,,false,,Estadio Metropolitano Madrid,"Riyadh Air Metropolitano, Avenida 26 de Abril, Rosas, San Blas - Canillejas, Madrid, Comunidad de Madrid, 28022, España"
Estadio de Balaídos,ESP,es,42.211766,-8.739666,,false,,Estadio de Balaídos,"Estadio Abanca-Balaídos, Avenida Citroen, A Carballa, Balaídos, Vigo, Pereiró, Vigo, Pontevedra, Galicia, 36210, España"
Estadio de Mendizorroza,ESP,es,42.837420,-2.690899,,false,,Estadio de Mendizorroza,"Estadio, 20, Cervantes ibilbidea, Armentia, Mendizorrotza, Armentia, Vitoria-Gasteiz, Gasteizko kuadrilla, Araba / Álava, Euskadi, 01007, España"
Estadio de Mestalla,ESP,es,39.477214,-0.393081,,false,,Estadio de Mestalla,"Estadi del Túria, Circuit 5K Jardí del Túria, el Carme, Campanar, València, Comarca de València, València / Valencia, Comunitat Valenciana, 46009, España"
Estadio de la Cerámica,ESP,es,39.944208,-0.103405,,false,,Estadio de la Cerámica,"Estadio de la Cerámica, Carrer del Riu Millars, Vila-real, la Plana Baixa, Castelló / Castellón, Comunitat Valenciana, 12540, España"
Estadio del Rayo Vallecano,ESP,es,40.391757,-3.658737,,false,,Estadio de Vallecas Madrid,"Campo de Fútbol de Vallecas, Calle Teniente Muñoz Díaz, Palomeras Bajas, Puente de Vallecas, Madrid, Comunidad de Madrid, 28018, España"
Estádio Do Dragão,POR,pt,41.161823,-8.583749,,false,,Estádio Do Dragão,"Estádio do Dragão, Via Futebol Clube do Porto, Corujeira, Campanhã, Porto, 4350-415, Portugal"
Estádio José Alvalade,POR,pt,38.761202,-9.160783,,false,,Estádio José Alvalade,"Estádio José Alvalade, Rua Professor Fernando da Fonseca, Lumiar, Lisboa, 1501-806, Portugal"
Etihad Stadium,ENG,gb,53.483145,-2.200527,,false,,Etihad Stadium,"Etihad Stadium, Joe Mercer Way, Bradford, Manchester, Greater Manchester, England, M11 3FF, United Kingdom"
Goodison Park,ENG,gb,53.438690,-2.966419,40569,false,,Goodison Park,"Goodison Park, Goodison Road, Walton, Liverpool, Liverpool City Region, England, L4 4EL, United Kingdom"
Griffin Park,ENG,gb,,,,true,no match: nothing stadium-like returned,Griffin Park,
Groupama Stadium,FRA,fr,45.765362,4.982054,59186,false,,Groupama Stadium,"Groupama Stadium, Allée Sud-Est, Le Grand Montout, Charpieu, Décines-Charpieu, Lyon, Métropole de Lyon, Rhône, Auvergne-Rhône-Alpes, France métropolitaine, 69150, France"
Jan Breydelstadion,BEL,be,51.193346,3.180585,,false,,Jan Breydelstadion,"Jan Breydelstadion, Olympialaan, Sint-Andries, Brugge, West-Vlaanderen, Vlaanderen, 8200, België / Belgique / Belgien"
Kingston Communications Stadium,ENG,gb,53.746226,-0.367824,25586,false,,MKM Stadium Hull,"MKM Stadium, The Circle, Avenues, Hull, Kingston upon Hull, Hull and East Yorkshire, England, HU3 6HU, United Kingdom"
MMArena,FRA,fr,47.959165,0.223109,25064,false,,MMArena,"Stade Marie-Marvingt, Chemin aux Bœufs, Le Tertre Rouge, Le Mans, Sarthe, Pays de la Loire, France métropolitaine, 72100, France"
Mapei Stadium - Città del Tricolore,ITA,it,44.714546,10.649731,,false,,Mapei Stadium - Città del Tricolore,"MAPEI STADIUM - Città del Tricolore, Viale Severino Taddei, Castello di Mancasale, Mancasale, Reggio Emilia, Reggio nell'Emilia, Emilia-Romagna, 42100, Italia"
Mercedes-Benz Arena,DEU,de,48.792249,9.232086,,false,,MHPArena Stuttgart,"MHPArena, 87, Mercedesstraße, Wasen, Bad Cannstatt, Stuttgart, Baden-Württemberg, 70372, Deutschland"
Oblasny SportKomplex Metalist,UKR,ua,49.980742,36.261518,,false,,Metalist Stadium Kharkiv,"Стадіон ""Металіст"", 65, вулиця Георгія Тарасенка, 455-й мікрорайон, Кінний Ринок, Слобідський район, Харків, Харківська міська громада, Харківський район, Харківська область, 61001, Україна"
Old Trafford,ENG,gb,53.463110,-2.291387,75765,false,,Old Trafford,"Old Trafford, Sir Matt Busby Way, Wharfside, Stretford, Trafford, Greater Manchester, England, M16 0RA, United Kingdom"
Olympiako Stadio Spyros Louis,GRC,gr,38.036182,23.787637,,false,,Κεντρικό Ολυμπιακό Στάδιο,"Κεντρικό Ολυμπιακό Στάδιο, Ολυμπιονίκη Σπύρου Λούη, Ειρήνη, Δήμος Αμαρουσίου, Περιφερειακή Ενότητα Βορείου Τομέα Αθηνών, Περιφέρεια Αττικής, Αποκεντρωμένη Διοίκηση Αττικής, 151 23, Ελλάς"
Opel Arena,DEU,de,49.983945,8.224474,33305,false,,Opel Arena,"Mewa Arena, 1, Eugen-Salomon-Straße, Bretzenheim, Mainz, Rheinland-Pfalz, 55128, Deutschland"
Orange Vélodrome,FRA,fr,43.269847,5.395908,67054,false,,Orange Vélodrome,"CEPAC Vélodrome, 3, Boulevard Michelet, Saint-Giniez, Marseille 8e Arrondissement, Marseille, Bouches-du-Rhône, Provence-Alpes-Côte d'Azur, France métropolitaine, 13008, France"
Parc des Princes,FRA,fr,48.841363,2.253069,48527,false,,Parc des Princes,"Parc des Princes, 24, Rue du Commandant Guilbaud, Quartier d'Auteuil, Paris 16e Arrondissement, Paris, Île-de-France, France métropolitaine, 75016, France"
Philips Stadion,NLD,nl,51.441708,5.467426,,false,,Philips Stadion,"Philips Stadion, Vonderweg, Fellenoord, Centrum, Eindhoven, Noord-Brabant, Nederland, 5616 RX, Nederland"
Portman Road Stadium,ENG,gb,52.054952,1.145285,,false,,Portman Road Stadium,"Portman Road Stadium, Portman Road, Stoke, Ipswich, Suffolk, England, IP1 2DA, United Kingdom"
PreZero Arena,DEU,de,49.238060,8.887641,,false,,PreZero Arena,"SNP Arena, 1, Dietmar-Hopp-Straße, Sinsheim, VVG der Stadt Sinsheim, Rhein-Neckar-Kreis, Baden-Württemberg, 74889, Deutschland"
RCDE Stadium,ESP,es,41.347857,2.076458,,false,,RCDE Stadium,"RCDE Stadium, Splau parking, Cornellà de Llobregat, Baix Llobregat, Barcelona, Catalunya, 08940, España"
Raiffeisen Arena,AUT,at,48.293574,14.276555,,false,,Raiffeisen Arena,"Raiffeisen Arena, 1, Helmut-Köglberger-Platz, Römerberg, Froschberg, Linz, Oberösterreich, 4020, Österreich"
Red Bull Arena,DEU,de,51.345708,12.348236,,false,,Red Bull Arena,"Red Bull Arena, Am Sportforum, Zentrum-Nordwest, Mitte, Leipzig, Sachsen, 04105, Deutschland"
RheinEnergieSTADION,DEU,de,50.933506,6.875117,,false,,RheinEnergieSTADION,"RheinEnergieSTADION, 999, Aachener Straße, Müngersdorf, Lindenthal, Köln, Nordrhein-Westfalen, 50933, Deutschland"
Roazhon Park,FRA,fr,48.107565,-1.712654,31127,false,,Roazhon Park,"Roazhon Park, Rue de Lorient, Moulin du Comte, Bourg l'Évesque - La Touche - Moulin du Comte, Quartiers Ouest, Rennes, Ille-et-Vilaine, Bretagne, France métropolitaine, 35000, France"
SR-Bank Arena,NOR,no,58.914595,5.730998,16300,false,,Viking Stadion Stavanger,"Lyse Arena, Gamle Jåttåvågen, Jåttåvågen, Gausel, Hinna, Stavanger, Rogaland, 4032, Norge"
San Mamés,ESP,es,43.264204,-2.949391,,false,,San Mamés,"San Mames, Ventosa bidea, Basurtu, Basurtu-Zorrotza, Bilbao, Bizkaia, Euskadi, 48014, España"
Sardegna Arena,ITA,it,39.199195,9.137428,,false,,Unipol Domus Cagliari,"Unipol Domus, Via Raimondo Carta Raspi, Nuovo Borgo Sant'Elia, Casteddu/Cagliari, Sardigna/Sardegna, 09126, Italia"
Schwarzwald-Stadion,DEU,de,47.988934,7.892989,,false,,Schwarzwald-Stadion,"Dreisamstadion, Schwarzwaldstraße, Waldsee, Freiburg im Breisgau, Baden-Württemberg, 79117, Deutschland"
Selhurst Park,ENG,gb,51.398243,-0.085255,25486,false,,Selhurst Park,"Selhurst Park, Whitehorse Lane, Thornton Heath, London Borough of Croydon, Greater London, England, SE25 6PU, United Kingdom"
Signal Iduna Park,DEU,de,51.492492,7.451855,,false,,Signal Iduna Park,"SIGNAL IDUNA PARK, 50, Strobelallee, Innenstadt West, Dortmund, Nordrhein-Westfalen, 44139, Deutschland"
Sinobo Stadium,CZE,cz,50.067569,14.471505,19370,false,,Sinobo Stadium,"Fortuna Arena, 1540/2a, U Slavie, Vršovice, Praha 10, obvod Praha 10, Praha, 100 00, Česko"
St Andrew's Trillion Trophy Stadium,ENG,gb,,,,true,no match: nothing stadium-like returned,St Andrew's Trillion Trophy Stadium,
St. James' Park,ENG,gb,54.975469,-1.621874,52387,false,,St James' Park Newcastle upon Tyne,"St. James' Park, Barrack Road, Grainger Town, Newcastle upon Tyne, Tyne and Wear, North East, England, NE1 4ST, United Kingdom"
Stade Bollaert-Delelis,FRA,fr,50.432824,2.814986,38223,false,,Stade Bollaert-Delelis,"Stade Bollaert-Delelis, Avenue Alfred Maës, Cité n°4, Lens, Pas-de-Calais, Hauts-de-France, France métropolitaine, 62300, France"
Stade Francis-Le Blé,FRA,fr,48.403042,-4.461360,,false,,Stade Francis-Le Blé,"Stade Francis-Le Blé, Rue de l'Île de Sein, Le Petit Paris, Kerbernard, Brest, Finistère, Bretagne, France métropolitaine, 29200, France"
Stade Louis II.,MCO,mc,43.727571,7.415458,18523,false,,Stade Louis II.,"Stade Louis-II, Avenue des Castelans, Fontvieille, Monaco, 98020, Monaco"
Stade Océane,FRA,fr,49.498751,0.169464,25178,false,,Stade Océane,"Stade CMA CGM Océane, Parvis, Champs Barets, Le Havre, Seine-Maritime, Normandie, France métropolitaine, 76610, France"
Stade Pierre-Mauroy,FRA,fr,50.611904,3.130508,50186,false,,Stade Pierre-Mauroy,"Decathlon Arena-Stade Pierre-Mauroy, Boulevard de Tournai, Hôtel-de-Ville, Saint-Sauveur, Villeneuve-d'Ascq, Lille, Nord, Hauts-de-France, France métropolitaine, 59491, France"
Stade Raymond Kopa,FRA,fr,47.460552,-0.530695,17000,false,,Stade Raymond Kopa,"Stade Raymond-Kopa, 11, Boulevard Pierre de Coubertin, Justices - Madeleine - Saint-Léonard, Angers, Maine-et-Loire, Pays de la Loire, France métropolitaine, 49000, France"
Stade Sébastien Charléty,FRA,fr,48.818050,2.346142,,false,,Stade Sébastien Charléty,"Stade Charléty, 99, Boulevard Kellermann, Maison-Blanche, Paris 13e Arrondissement, Paris, Île-de-France, France métropolitaine, 75013, France"
Stade Yves Allainmat - Le Moustoir,FRA,fr,47.748802,-3.369541,18500,false,,Stade Yves Allainmat - Le Moustoir,"Stade du Moustoir – Yves Allainmat, Rue Jean Le Coutaller, Bailli de Suffren, Le Moustoir, La Villeneuve, Lorient, Morbihan, Bretagne, France métropolitaine, 56100, France"
Stade de Nice,FRA,fr,43.705148,7.192603,35624,false,,Stade de Nice,"Allianz Riviera, Allée Camille Muffat, Saint-Isidore, Nice, Alpes-Maritimes, Provence-Alpes-Côte d'Azur, France métropolitaine, 06284, France"
Stade de l'Abbé Deschamps,FRA,fr,47.786785,3.588624,21379,false,,Stade Abbé-Deschamps Auxerre,"Stade Abbé-Deschamps, Route de Vaux, La Noue, Auxerre, Yonne, Bourgogne-Franche-Comté, France métropolitaine, 89000, France"
Stade de l'Aube,FRA,fr,48.307517,4.098517,,false,,Stade de l'Aube Troyes,"Stade de l’Aube, Avenue Robert Schumann, Troyes, Aube, Grand Est, France métropolitaine, 10000, France"
Stade de la Meinau,FRA,fr,48.559948,7.755122,29000,false,,Stade de la Meinau,"Stade de la Meinau, Piste Georges Speicher, Meinau, Strasbourg, Bas-Rhin, Collectivité européenne d'Alsace, Grand Est, France métropolitaine, 67100, France"
Stadio Artemio Franchi,ITA,it,43.321687,11.326179,15377,false,,Stadio Artemio Franchi,"Stadio Artemio Franchi, 3, Viale dei Mille, Contrada dell'Istrice, Terzo di Camollia, Siena, Toscana, 53100, Italia"
Stadio Atleti Azzurri d'Italia,ITA,it,45.709207,9.680833,,false,,Stadio Atleti Azzurri d'Italia,"New Balance Arena, 18, Viale Giulio Cesare, Borgo Santa Caterina, Bergamo, Lombardia, 24124, Italia"
Stadio Benito Stirpe,ITA,it,41.634011,13.321798,,false,,Stadio Benito Stirpe,"Stadio Benito Stirpe, Viale Olimpia, Casaleno, Frosinone, Lazio, 03100, Italia"
Stadio Comunale Brianteo,ITA,it,45.583112,9.307928,,false,,Stadio Brianteo Monza,"Stadio Brianteo, 4, Via Franco Tognini, Cristo Re, Monza, Monza e della Brianza, Lombardia, 20900, Italia"
Stadio Comunale Luigi Ferraris,ITA,it,44.416475,8.952534,,false,,Stadio Comunale Luigi Ferraris,"Stadio Luigi Ferraris, Via Clavarezza, Marassi, Bassa Val Bisagno, Genova, Liguria, 16139, Italia"
Stadio Comunale Via Del Mare,ITA,it,40.365114,18.208918,,false,,Stadio Via del Mare Lecce,"Stadio Ettore Giardiniero - Via del Mare, Viale della Libertà, Lecce, Puglia, 73100, Italia"
Stadio Ennio Tardini,ITA,it,44.794758,10.338373,,false,,Stadio Ennio Tardini,"Stadio Ennio Tardini, Via Pomponio Torelli, Cittadella, Parma, Emilia-Romagna, 43121, Italia"
Stadio Giuseppe Meazza,ITA,it,45.478200,9.123964,,false,,Stadio Giuseppe Meazza,"Stadio Giuseppe Meazza, Via dei Piccolomini, Quartiere Harar, San Siro, Municipio 7, Milano, Lombardia, 20148, Italia"
Stadio Giuseppe Sinigaglia,ITA,it,45.813829,9.072324,,false,,Stadio Giuseppe Sinigaglia,"Stadio Giuseppe Sinigaglia, 2, Via Giuseppe Sinigaglia, Stadio, Vico, Como, Lombardia, 22100, Italia"
Stadio Olimpico,ITA,it,45.041744,7.649204,,false,,Stadio Olimpico,"Stadio Olimpico, Via Filadelfia, Santa Rita, Circoscrizione 2, Torino, Piemonte, 10134, Italia"
Stadio Olimpico di Torino,ITA,it,45.041744,7.649204,,false,,Stadio Olimpico di Torino,"Stadio Olimpico, Via Filadelfia, Santa Rita, Circoscrizione 2, Torino, Piemonte, 10134, Italia"
Stadio Pierluigi Penzo,ITA,it,45.427714,12.364020,,false,,Stadio Pier Luigi Penzo Venezia,"Stadio Pier Luigi Penzo, 5, Fondamenta Sant'Elena, Sant'Elena, Venezia-Murano-Burano, Lido, Venezia, Veneto, 30132, Italia"
Stadio Renato Dall'Ara,ITA,it,44.492317,11.309997,,false,,Stadio Renato Dall'Ara,"Stadio Renato Dall'Ara, Via Pietro De Coubertin, Meloncello, Saragozza, Porto-Saragozza, Bologna, Emilia-Romagna, 40134, Italia"
Stadio San Paolo,ITA,it,40.827977,14.192889,,false,,Stadio Diego Armando Maradona,"Stadio Diego Armando Maradona, Via Claudio, Rione Lauro, Fuorigrotta, Municipalità 10, Napoli, Campania, 80125, Italia"
Stadion An der Alten Försterei,DEU,de,52.456974,13.568079,,false,,Stadion An der Alten Försterei,"Stadion An der Alten Försterei, 263, An der Wuhlheide, Köpenick, Treptow-Köpenick, Berlin, 12555, Deutschland"
Stadion Feijenoord,NLD,nl,51.893865,4.523228,,false,,Stadion Feijenoord,"Stadion Feijenoord, Olympiaweg, De Veranda, Oud-IJsselmonde, IJsselmonde, Rotterdam, Zuid-Holland, Nederland, 3077 AL, Nederland"
Stadion im Borussia-Park,DEU,de,51.174625,6.385409,,false,,Stadion im Borussia-Park,"ista-Borussia-Park, Dr.-Adalbert-Jordan-Straße, Dorthausen, Rheindahlen-Land, West, Mönchengladbach, Nordrhein-Westfalen, 41179, Deutschland"
Stadium Municipal,FRA,fr,43.923268,2.166397,,false,,Stadium Municipal,"Stadium municipal, Avenue Colonel Teyssier, Lapanouse, Albi, Tarn, Occitanie, France métropolitaine, 81000, France"
Stadium of Light,ENG,gb,54.914395,-1.388258,,false,,Stadium of Light,"Stadium of Light, Vaux Brewery Way, Millfield, Sunderland, Tyne and Wear, North East, England, SR5 1SU, United Kingdom"
Stamford Bridge,ENG,gb,51.481687,-0.191034,41837,false,,Stamford Bridge,"Stamford Bridge, Britannia Gate, Walham Green, Fulham, London Borough of Hammersmith and Fulham, Greater London, England, SW6 1HD, United Kingdom"
The American Express Community Stadium,ENG,gb,50.861547,-0.083693,,false,,American Express Stadium Brighton,"American Express Stadium, Village Way, Coldean, Brighton, Brighton and Hove, England, BN1 9BL, United Kingdom"
The City Ground,ENG,gb,52.939939,-1.132895,30602,false,,The City Ground,"The City Ground, Pavilion Road, Lady Bay, West Bridgford, City of Nottingham, Nottinghamshire, East Midlands, England, NG2 5FJ, United Kingdom"
Tottenham Hotspur Stadium,ENG,gb,51.604157,-0.066260,62062,false,,Tottenham Hotspur Stadium,"Tottenham Hotspur Stadium, Paxton Terrace, London Borough of Haringey, Greater London, England, N17 0FH, United Kingdom"
Türk Telekom Arena,TUR,tr,41.103369,28.990952,,false,,Rams Park Istanbul,"RAMS Park, Metin Oktay Caddesi, Huzur Mahallesi, Sarıyer, İstanbul, Marmara Bölgesi, 34485, Türkiye"
Ursapharm-Arena an der Kaiserlinde,DEU,de,49.318804,7.121572,10000,false,,Ursapharm-Arena Elversberg,"Ursapharm-Arena, Jahnstraße, Elversberg, Spiesen-Elversberg, Landkreis Neunkirchen, Saarland, 66583, Deutschland"
Veltins-Arena,DEU,de,51.554594,7.067600,,false,,Veltins-Arena,"VELTINS-Arena, 1, Rudi-Assauer-Platz, Erle-Berger Feld, Erle, Gelsenkirchen-Ost, Gelsenkirchen, Nordrhein-Westfalen, 45891, Deutschland"
Villa Park,ENG,gb,52.509126,-1.885035,42788,false,,Villa Park,"Villa Park, Trinity Road, Aston, Birmingham, West Midlands, England, B6 6HE, United Kingdom"
Vitality Stadium,ENG,gb,50.735182,-1.838328,,false,,Vitality Stadium,"Vitality Stadium, Middleton Gardens, Littledown, Bournemouth, Bournemouth, Christchurch and Poole, England, BH7 7AF, United Kingdom"
Volksparkstadion,DEU,de,53.587153,9.898706,,false,,Volksparkstadion,"Volksparkstadion, 9, Uwe-Seeler-Allee, Bahrenfeld, Altona, Hamburg, 22525, Deutschland"
WWK Arena,DEU,de,48.323118,10.885879,30660,false,,WWK Arena,"WWK ARENA, 90, Bürgermeister-Ulrich-Straße, Universitätsviertel, Augsburg, Bayern, 86199, Deutschland"
Weserstadion,DEU,de,53.066448,8.837672,42500,false,,Weserstadion Bremen,"Weserstadion, 7, Franz-Böhmert-Straße, Peterswerder, Östliche Vorstadt, Bremen-Ost, Bremen, 28205, Deutschland"
Ülker Stadyumu Fenerbahçe Şükrü Saracoğlu Spor Kompleksi,TUR,tr,40.987581,29.036977,,false,,Şükrü Saracoğlu Stadyumu Istanbul,"Chobani Stadyumu, 3, Reşit Paşa Sokağı, Kızıltoprak, Zühtüpaşa Mahallesi, Kadıköy, İstanbul, Marmara Bölgesi, 34724, Türkiye"
Štadión Tehelné pole,SVK,sk,48.163491,17.136795,,false,,Štadión Tehelné pole,"Národný futbalový štadión, 4, Viktora Tegelhoffa, Tehelné pole, Bratislava, okres Bratislava III, Bratislava, Borinka, Bratislavský kraj, 900 32, Slovensko"
